sentence,label,phrase
"i am here because i want to better myself my family, not only financially but in health.",0,"['I know that as a child I never thought of education and a career for someone who is undocumented.', 'I Hope to reach a position in which I can inspire and prove to all of the ""immigrants"" in the USA that achieving and surpassing struggle is possible.']"
being in this instituion will pave a way for me to become a professional.,0,"['I know that as a child I never thought of education and a career for someone who is undocumented.', 'I Hope to reach a position in which I can inspire and prove to all of the ""immigrants"" in the USA that achieving and surpassing struggle is possible.']"
i know that as a child i never thought of education and a career for someone who is undocumented.,1,"['I know that as a child I never thought of education and a career for someone who is undocumented.', 'I Hope to reach a position in which I can inspire and prove to all of the ""immigrants"" in the USA that achieving and surpassing struggle is possible.']"
"i hope to reach a position in which i can inspire and prove to all of the ""immigrants"" in the usa that achieving and surpassing struggle is possible.",1,"['I know that as a child I never thought of education and a career for someone who is undocumented.', 'I Hope to reach a position in which I can inspire and prove to all of the ""immigrants"" in the USA that achieving and surpassing struggle is possible.']"
"also, statistics have shown that people with higher education and wealth tend to be healthier.",0,"['I know that as a child I never thought of education and a career for someone who is undocumented.', 'I Hope to reach a position in which I can inspire and prove to all of the ""immigrants"" in the USA that achieving and surpassing struggle is possible.']"
with my career diploma i can improve my health the health of my family.,0,"['I know that as a child I never thought of education and a career for someone who is undocumented.', 'I Hope to reach a position in which I can inspire and prove to all of the ""immigrants"" in the USA that achieving and surpassing struggle is possible.']"
i am here because i care about my community and to help empower those around me.,0,['I am here in the science community because I feel that my people (of color and being a female) are under represented.']
i am here in the science community because i feel that my people (of color and being a female) are under represented.,1,['I am here in the science community because I feel that my people (of color and being a female) are under represented.']
i want to contribute my knowledge that i've gain since i've been at sf state to those around me and become a role model for my younger cousins back where i'm from.i am also here because i want to gain new perspective from my peers because,0,['I am here in the science community because I feel that my people (of color and being a female) are under represented.']
i am here because i am dedicated to my success in my stem based courses.,0,['Im here for all the little colored girls who do not have positive figures to look up to in their communities.']
i am here because im not afraid to ask for help and guidance.,0,['Im here for all the little colored girls who do not have positive figures to look up to in their communities.']
im here because i want to be apart of a new community.,0,['Im here for all the little colored girls who do not have positive figures to look up to in their communities.']
i was apart of a sci course last semester and i loved how helpful the instructors were.,0,['Im here for all the little colored girls who do not have positive figures to look up to in their communities.']
i felt comfortable with them and it gave me time to ask specific questions that i had and have something close to a one on one explanation.,0,['Im here for all the little colored girls who do not have positive figures to look up to in their communities.']
sci allows a welcoming atmosphere where i can be helped by the instructors or my peers and we as a unit are able to solve problems.,0,['Im here for all the little colored girls who do not have positive figures to look up to in their communities.']
a lot of the time i feel uncomfortable im my regular stem classes because i feel that i may be the only one not understanding.,0,['Im here for all the little colored girls who do not have positive figures to look up to in their communities.']
i also know that the time allotted for the professors are not enough to begin with.,0,['Im here for all the little colored girls who do not have positive figures to look up to in their communities.']
"at the sci classes, we usually go over worksheets that answer my questions.",0,['Im here for all the little colored girls who do not have positive figures to look up to in their communities.']
im here because i want to be.,0,['Im here for all the little colored girls who do not have positive figures to look up to in their communities.']
you so know that the time allotted for the professors are not enough to begin with.,0,['Im here for all the little colored girls who do not have positive figures to look up to in their communities.']
"at the sci classes, we usually go over worksheets that answer my questions.",0,['Im here for all the little colored girls who do not have positive figures to look up to in their communities.']
im here because i want to be.,0,['Im here for all the little colored girls who do not have positive figures to look up to in their communities.']
i am here for my parents and my family.,0,['Im here for all the little colored girls who do not have positive figures to look up to in their communities.']
i am here for my family members who could not make it this far.,0,['Im here for all the little colored girls who do not have positive figures to look up to in their communities.']
i here to show those family members that they can be here too.,0,['Im here for all the little colored girls who do not have positive figures to look up to in their communities.']
im here for all the little colored girls who do not have positive figures to look up to in their communities.,1,['Im here for all the little colored girls who do not have positive figures to look up to in their communities.']
i am here because i am a first generation college student and i am interested in the medical field.,0,['I want to show all the minorities that you can do it too. I want to break stereotypes in the workforce to help other people feel more comfortable in the field they want to go in rather than feeling they do not belong.']
i have always had a passion to help people and i believe the medical field is the best way to fulfill my passion.,0,['I want to show all the minorities that you can do it too. I want to break stereotypes in the workforce to help other people feel more comfortable in the field they want to go in rather than feeling they do not belong.']
i want to show all the minorities that you can do it too.,0,['I want to show all the minorities that you can do it too. I want to break stereotypes in the workforce to help other people feel more comfortable in the field they want to go in rather than feeling they do not belong.']
i want to break stereotypes in the workforce to help other people feel more comfortable in the field they want to go in rather than feeling they do not belong.,0,['I want to show all the minorities that you can do it too. I want to break stereotypes in the workforce to help other people feel more comfortable in the field they want to go in rather than feeling they do not belong.']
i feel very welcome here at san francisco state and i believe that this is a very friendly and helpful place to learn especially as a premed student with a lot of opportunities that we have available.,0,['I want to show all the minorities that you can do it too. I want to break stereotypes in the workforce to help other people feel more comfortable in the field they want to go in rather than feeling they do not belong.']
i feel very blessed to be a part of a community that enriches the growth of learning and works together as one to figure problems out.,0,['I want to show all the minorities that you can do it too. I want to break stereotypes in the workforce to help other people feel more comfortable in the field they want to go in rather than feeling they do not belong.']
"as a second year, i can not imagine myself being at no other college and feeling very comfortable like i do here to get to my career path in the medical field.",0,['I want to show all the minorities that you can do it too. I want to break stereotypes in the workforce to help other people feel more comfortable in the field they want to go in rather than feeling they do not belong.']
becoming a doctor has been a lifelong dream of mine and i plan on enjoying my journey with amazing opportunities here at sfsu.,0,['I want to show all the minorities that you can do it too. I want to break stereotypes in the workforce to help other people feel more comfortable in the field they want to go in rather than feeling they do not belong.']
i am here because i always wanted to be involved in the stem field ever since i have been a little kid.,0,"['I am an African American male, and there is not a great representation in the STEM fields, and I want to help change that perception.']"
i was first brought in the stem field when my mother brought me a book about the solar system and the formation of the planets and moons in the solar system.,0,"['I am an African American male, and there is not a great representation in the STEM fields, and I want to help change that perception.']"
this sparked a natural curiosity inside of me to pursue this knowledge further.,0,"['I am an African American male, and there is not a great representation in the STEM fields, and I want to help change that perception.']"
another reason why i am here is that i would be the first in my family to be able to go to college and pursue a degree in biology.,0,"['I am an African American male, and there is not a great representation in the STEM fields, and I want to help change that perception.']"
"also, i am an african american male, and there is not a great representation in the stem fields, and i want to help change that perception.",1,"['I am an African American male, and there is not a great representation in the STEM fields, and I want to help change that perception.']"
"eventually, when i attended high school, i was apart of an internship at the california academy of sciences as an education intern who would teach people about the various scientific topics that are discussed here.",0,"['I am an African American male, and there is not a great representation in the STEM fields, and I want to help change that perception.']"
"during my time there, i started to get more involved with the many biology departments which allow me to set up mentorships with the researchers to develop a love for biology because i have an interest in learning how biology works for the creation of all things that are living on the planet.",0,"['I am an African American male, and there is not a great representation in the STEM fields, and I want to help change that perception.']"
i am here in this world to make an impact.,0,"['Not only am I making an impact on the medical field and women who are pregnant, but I am also changing the STEM norms.', 'I am here to change the number of women in STEM, to change the number of Latina women in STEM.']"
i am here to make a change in the world.,0,"['Not only am I making an impact on the medical field and women who are pregnant, but I am also changing the STEM norms.', 'I am here to change the number of women in STEM, to change the number of Latina women in STEM.']"
"i want to make an impact in this world, even if it is a small dent.",0,"['Not only am I making an impact on the medical field and women who are pregnant, but I am also changing the STEM norms.', 'I am here to change the number of women in STEM, to change the number of Latina women in STEM.']"
my life goal is to go to medical school and become a doctor and eventually do medical research.,0,"['Not only am I making an impact on the medical field and women who are pregnant, but I am also changing the STEM norms.', 'I am here to change the number of women in STEM, to change the number of Latina women in STEM.']"
i want to do medical research on miscarriages.,0,"['Not only am I making an impact on the medical field and women who are pregnant, but I am also changing the STEM norms.', 'I am here to change the number of women in STEM, to change the number of Latina women in STEM.']"
by me being here in school and pursuing a career in the medical field i feel like i can make a huge impact by reducing the numbers of miscarriages and change the statistics of it.,0,"['Not only am I making an impact on the medical field and women who are pregnant, but I am also changing the STEM norms.', 'I am here to change the number of women in STEM, to change the number of Latina women in STEM.']"
"however, that is not the only medical research i would do, i would love to do more than that, thats why i am here.",0,"['Not only am I making an impact on the medical field and women who are pregnant, but I am also changing the STEM norms.', 'I am here to change the number of women in STEM, to change the number of Latina women in STEM.']"
"not only am i making an impact on the medical field and women who are pregnant, but i am also changing the stem norms.",1,"['Not only am I making an impact on the medical field and women who are pregnant, but I am also changing the STEM norms.', 'I am here to change the number of women in STEM, to change the number of Latina women in STEM.']"
"i am here to change the number of women in stem, to change the number of latina women in stem. i am also here to make my parents proud.",1,"['Not only am I making an impact on the medical field and women who are pregnant, but I am also changing the STEM norms.', 'I am here to change the number of women in STEM, to change the number of Latina women in STEM.']"
i am here to finish what i started and make all the money i invested in worth going to school.,0,"['Not only am I making an impact on the medical field and women who are pregnant, but I am also changing the STEM norms.', 'I am here to change the number of women in STEM, to change the number of Latina women in STEM.']"
"i am here to be happy, to make an impact, and to make a change during my life span.",0,"['Not only am I making an impact on the medical field and women who are pregnant, but I am also changing the STEM norms.', 'I am here to change the number of women in STEM, to change the number of Latina women in STEM.']"
i am here to take this physics class so i can graduate with a degree from san francisco state university.,0,['Ive seen what good and bad doctors have done to people suffering from cancer and I would like to become someone that works in this field and treats their patients with care. My parents were immigrants and teen parents so growing up I was at a disadvantage when it came to schools. Living in a low income area of Oakland made certain things to comeby.']
i am studying physiology in hopes of going to medical school to become an oncologist.,0,['Ive seen what good and bad doctors have done to people suffering from cancer and I would like to become someone that works in this field and treats their patients with care. My parents were immigrants and teen parents so growing up I was at a disadvantage when it came to schools. Living in a low income area of Oakland made certain things to comeby.']
ive seen what good and bad doctors have done to people suffering from cancer and i would like to become someone that works in this field and treats their patients with care.,0,['Ive seen what good and bad doctors have done to people suffering from cancer and I would like to become someone that works in this field and treats their patients with care. My parents were immigrants and teen parents so growing up I was at a disadvantage when it came to schools. Living in a low income area of Oakland made certain things to comeby.']
"my first step to getting there is obtaining my undergraduate degree, which requires for me to past this physics 122 course.",0,['Ive seen what good and bad doctors have done to people suffering from cancer and I would like to become someone that works in this field and treats their patients with care. My parents were immigrants and teen parents so growing up I was at a disadvantage when it came to schools. Living in a low income area of Oakland made certain things to comeby.']
im currently in my fourth year which wont be my last since i will need another year to pass my majors required classes.,0,['Ive seen what good and bad doctors have done to people suffering from cancer and I would like to become someone that works in this field and treats their patients with care. My parents were immigrants and teen parents so growing up I was at a disadvantage when it came to schools. Living in a low income area of Oakland made certain things to comeby.']
i believe i will succeed in making my goal of becoming a doctor because i havent had anything stop me in the past.,0,['Ive seen what good and bad doctors have done to people suffering from cancer and I would like to become someone that works in this field and treats their patients with care. My parents were immigrants and teen parents so growing up I was at a disadvantage when it came to schools. Living in a low income area of Oakland made certain things to comeby.']
my parents were immigrants and teen parents so growing up i was at a disadvantage when it came to schools.,0,['Ive seen what good and bad doctors have done to people suffering from cancer and I would like to become someone that works in this field and treats their patients with care. My parents were immigrants and teen parents so growing up I was at a disadvantage when it came to schools. Living in a low income area of Oakland made certain things to comeby.']
living in a low income area of oakland made certain things to comeby.,0,['Ive seen what good and bad doctors have done to people suffering from cancer and I would like to become someone that works in this field and treats their patients with care. My parents were immigrants and teen parents so growing up I was at a disadvantage when it came to schools. Living in a low income area of Oakland made certain things to comeby.']
it was hard but my parents always prioritized school first for my sister and me.,0,['Ive seen what good and bad doctors have done to people suffering from cancer and I would like to become someone that works in this field and treats their patients with care. My parents were immigrants and teen parents so growing up I was at a disadvantage when it came to schools. Living in a low income area of Oakland made certain things to comeby.']
through them i was able to learn from school but from myself that i can succeed.,0,['Ive seen what good and bad doctors have done to people suffering from cancer and I would like to become someone that works in this field and treats their patients with care. My parents were immigrants and teen parents so growing up I was at a disadvantage when it came to schools. Living in a low income area of Oakland made certain things to comeby.']
i feel like i will pass this lab with ease since i was able to pass the previous lab without a problem!,0,['Ive seen what good and bad doctors have done to people suffering from cancer and I would like to become someone that works in this field and treats their patients with care. My parents were immigrants and teen parents so growing up I was at a disadvantage when it came to schools. Living in a low income area of Oakland made certain things to comeby.']
i am here for a list of reasons.,0,"['Firstly, I am here to challenge myself and make myself known in the STEM field. The field where women are appreciated less and less accounted for when compared to their male counterparts.', 'I am here to prove to myself that I can do anything that I set my mind to do. To prove to myself that I am capable of more than is expected of me as a Latina, woman of color.', 'To show them that it is possible for us, the minority, to become leaders, role models and influencers.']"
reasons that pertain only to me and other reasons that pertain to my family or other loved ones.,0,"['Firstly, I am here to challenge myself and make myself known in the STEM field. The field where women are appreciated less and less accounted for when compared to their male counterparts.', 'I am here to prove to myself that I can do anything that I set my mind to do. To prove to myself that I am capable of more than is expected of me as a Latina, woman of color.', 'To show them that it is possible for us, the minority, to become leaders, role models and influencers.']"
i am here for myself and for everyone that has supported me throughout my journey at san francisco state.,0,"['Firstly, I am here to challenge myself and make myself known in the STEM field. The field where women are appreciated less and less accounted for when compared to their male counterparts.', 'I am here to prove to myself that I can do anything that I set my mind to do. To prove to myself that I am capable of more than is expected of me as a Latina, woman of color.', 'To show them that it is possible for us, the minority, to become leaders, role models and influencers.']"
"firstly, i am here to challenge myself and make myself known in the stem field.",0,"['Firstly, I am here to challenge myself and make myself known in the STEM field. The field where women are appreciated less and less accounted for when compared to their male counterparts.', 'I am here to prove to myself that I can do anything that I set my mind to do. To prove to myself that I am capable of more than is expected of me as a Latina, woman of color.', 'To show them that it is possible for us, the minority, to become leaders, role models and influencers.']"
the field where women are appreciated less and less accounted for when compared to their male counterparts.,0,"['Firstly, I am here to challenge myself and make myself known in the STEM field. The field where women are appreciated less and less accounted for when compared to their male counterparts.', 'I am here to prove to myself that I can do anything that I set my mind to do. To prove to myself that I am capable of more than is expected of me as a Latina, woman of color.', 'To show them that it is possible for us, the minority, to become leaders, role models and influencers.']"
i am here to prove to myself that i can do anything that i set my mind to do.,0,"['Firstly, I am here to challenge myself and make myself known in the STEM field. The field where women are appreciated less and less accounted for when compared to their male counterparts.', 'I am here to prove to myself that I can do anything that I set my mind to do. To prove to myself that I am capable of more than is expected of me as a Latina, woman of color.', 'To show them that it is possible for us, the minority, to become leaders, role models and influencers.']"
"to prove to myself that i am capable of more than is expected of me as a latina, woman of color.",0,"['Firstly, I am here to challenge myself and make myself known in the STEM field. The field where women are appreciated less and less accounted for when compared to their male counterparts.', 'I am here to prove to myself that I can do anything that I set my mind to do. To prove to myself that I am capable of more than is expected of me as a Latina, woman of color.', 'To show them that it is possible for us, the minority, to become leaders, role models and influencers.']"
i am here to make my familys sacrifices worth it.,0,"['Firstly, I am here to challenge myself and make myself known in the STEM field. The field where women are appreciated less and less accounted for when compared to their male counterparts.', 'I am here to prove to myself that I can do anything that I set my mind to do. To prove to myself that I am capable of more than is expected of me as a Latina, woman of color.', 'To show them that it is possible for us, the minority, to become leaders, role models and influencers.']"
"to show them that it is possible for us, the minority, to become leaders, role models and influencers.",1,"['Firstly, I am here to challenge myself and make myself known in the STEM field. The field where women are appreciated less and less accounted for when compared to their male counterparts.', 'I am here to prove to myself that I can do anything that I set my mind to do. To prove to myself that I am capable of more than is expected of me as a Latina, woman of color.', 'To show them that it is possible for us, the minority, to become leaders, role models and influencers.']"
"i am here to gain knowledge about the world, its people and most importantly, its science.",0,"['Firstly, I am here to challenge myself and make myself known in the STEM field. The field where women are appreciated less and less accounted for when compared to their male counterparts.', 'I am here to prove to myself that I can do anything that I set my mind to do. To prove to myself that I am capable of more than is expected of me as a Latina, woman of color.', 'To show them that it is possible for us, the minority, to become leaders, role models and influencers.']"
i am here to make friendships and connections.,0,"['Firstly, I am here to challenge myself and make myself known in the STEM field. The field where women are appreciated less and less accounted for when compared to their male counterparts.', 'I am here to prove to myself that I can do anything that I set my mind to do. To prove to myself that I am capable of more than is expected of me as a Latina, woman of color.', 'To show them that it is possible for us, the minority, to become leaders, role models and influencers.']"
"to appreciate all the unique backgrounds, cultures and experiences.",0,"['Firstly, I am here to challenge myself and make myself known in the STEM field. The field where women are appreciated less and less accounted for when compared to their male counterparts.', 'I am here to prove to myself that I can do anything that I set my mind to do. To prove to myself that I am capable of more than is expected of me as a Latina, woman of color.', 'To show them that it is possible for us, the minority, to become leaders, role models and influencers.']"
"lastly, i am here because i am passionate about my education and i never want to stop learning.",0,"['Firstly, I am here to challenge myself and make myself known in the STEM field. The field where women are appreciated less and less accounted for when compared to their male counterparts.', 'I am here to prove to myself that I can do anything that I set my mind to do. To prove to myself that I am capable of more than is expected of me as a Latina, woman of color.', 'To show them that it is possible for us, the minority, to become leaders, role models and influencers.']"
why i am here is because i want to fulfill my families dreams and my own dreams of becoming a successful obgyn one day.,0,"['I was born in Afghanistan in a house during the warzone in 1996. You may ask why I was born in a house? Because back then the country was so strict that most husbands would not allow a man see their wives, even if it was during birth. They are short in women doctors there and many children die during birth because they are being born at home. And my goal in this life is to one day go back to my country and open an all women clinic for women to be able to give birth there without their husbands thinking otherwise.']"
i feel that everyone has a purpose on this earth and my reason here is to have a name for myself.,0,"['I was born in Afghanistan in a house during the warzone in 1996. You may ask why I was born in a house? Because back then the country was so strict that most husbands would not allow a man see their wives, even if it was during birth. They are short in women doctors there and many children die during birth because they are being born at home. And my goal in this life is to one day go back to my country and open an all women clinic for women to be able to give birth there without their husbands thinking otherwise.']"
i want to inspire others and help them have what i never had.,0,"['I was born in Afghanistan in a house during the warzone in 1996. You may ask why I was born in a house? Because back then the country was so strict that most husbands would not allow a man see their wives, even if it was during birth. They are short in women doctors there and many children die during birth because they are being born at home. And my goal in this life is to one day go back to my country and open an all women clinic for women to be able to give birth there without their husbands thinking otherwise.']"
and by that i mean learn things i never had someone tell me.,0,"['I was born in Afghanistan in a house during the warzone in 1996. You may ask why I was born in a house? Because back then the country was so strict that most husbands would not allow a man see their wives, even if it was during birth. They are short in women doctors there and many children die during birth because they are being born at home. And my goal in this life is to one day go back to my country and open an all women clinic for women to be able to give birth there without their husbands thinking otherwise.']"
"one day when i am not on this earth anymore, i want people to remember me for something i did in my life that inspired them.",0,"['I was born in Afghanistan in a house during the warzone in 1996. You may ask why I was born in a house? Because back then the country was so strict that most husbands would not allow a man see their wives, even if it was during birth. They are short in women doctors there and many children die during birth because they are being born at home. And my goal in this life is to one day go back to my country and open an all women clinic for women to be able to give birth there without their husbands thinking otherwise.']"
i have always wanted to help people out.,0,"['I was born in Afghanistan in a house during the warzone in 1996. You may ask why I was born in a house? Because back then the country was so strict that most husbands would not allow a man see their wives, even if it was during birth. They are short in women doctors there and many children die during birth because they are being born at home. And my goal in this life is to one day go back to my country and open an all women clinic for women to be able to give birth there without their husbands thinking otherwise.']"
i was born in afghanistan in a house during the warzone in 1996.,0,"['I was born in Afghanistan in a house during the warzone in 1996. You may ask why I was born in a house? Because back then the country was so strict that most husbands would not allow a man see their wives, even if it was during birth. They are short in women doctors there and many children die during birth because they are being born at home. And my goal in this life is to one day go back to my country and open an all women clinic for women to be able to give birth there without their husbands thinking otherwise.']"
you may ask why i was born in a house?,0,"['I was born in Afghanistan in a house during the warzone in 1996. You may ask why I was born in a house? Because back then the country was so strict that most husbands would not allow a man see their wives, even if it was during birth. They are short in women doctors there and many children die during birth because they are being born at home. And my goal in this life is to one day go back to my country and open an all women clinic for women to be able to give birth there without their husbands thinking otherwise.']"
"because back then the country was so strict that most husbands would not allow a man see their wives, even if it was during birth.",0,"['I was born in Afghanistan in a house during the warzone in 1996. You may ask why I was born in a house? Because back then the country was so strict that most husbands would not allow a man see their wives, even if it was during birth. They are short in women doctors there and many children die during birth because they are being born at home. And my goal in this life is to one day go back to my country and open an all women clinic for women to be able to give birth there without their husbands thinking otherwise.']"
they are short in women doctors there and many children die during birth because they are being born at home.,0,"['I was born in Afghanistan in a house during the warzone in 1996. You may ask why I was born in a house? Because back then the country was so strict that most husbands would not allow a man see their wives, even if it was during birth. They are short in women doctors there and many children die during birth because they are being born at home. And my goal in this life is to one day go back to my country and open an all women clinic for women to be able to give birth there without their husbands thinking otherwise.']"
and my goal in this life is to one day go back to my country and open an all women clinic for women to be able to give birth there without their husbands thinking otherwise.,0,"['I was born in Afghanistan in a house during the warzone in 1996. You may ask why I was born in a house? Because back then the country was so strict that most husbands would not allow a man see their wives, even if it was during birth. They are short in women doctors there and many children die during birth because they are being born at home. And my goal in this life is to one day go back to my country and open an all women clinic for women to be able to give birth there without their husbands thinking otherwise.']"
im in college because i know that i can make a change in my community.,0,"['I have a drive to do better in a world that constantly belittles my community. Im not shy to say it how it is and it will drive me to success.', 'I want to create change and its all about finding ways to make those changes. Im in love with research and the beautiful ness of my Mexican Community, but weve been criminalized and dehumanized, and I want to change that']"
that everything i do with my life will not only help my family but everyone in my community.,0,"['I have a drive to do better in a world that constantly belittles my community. Im not shy to say it how it is and it will drive me to success.', 'I want to create change and its all about finding ways to make those changes. Im in love with research and the beautiful ness of my Mexican Community, but weve been criminalized and dehumanized, and I want to change that']"
i have a drive to do better in a world that constantly belittles my community.,0,"['I have a drive to do better in a world that constantly belittles my community. Im not shy to say it how it is and it will drive me to success.', 'I want to create change and its all about finding ways to make those changes. Im in love with research and the beautiful ness of my Mexican Community, but weve been criminalized and dehumanized, and I want to change that']"
im not shy to say it how it is and it will drive me to success.,0,"['I have a drive to do better in a world that constantly belittles my community. Im not shy to say it how it is and it will drive me to success.', 'I want to create change and its all about finding ways to make those changes. Im in love with research and the beautiful ness of my Mexican Community, but weve been criminalized and dehumanized, and I want to change that']"
the only way that im able to create a better future for my community is by getting a phd and create data dedicated in my community and create policy targeted towards my community.,0,"['I have a drive to do better in a world that constantly belittles my community. Im not shy to say it how it is and it will drive me to success.', 'I want to create change and its all about finding ways to make those changes. Im in love with research and the beautiful ness of my Mexican Community, but weve been criminalized and dehumanized, and I want to change that']"
i want to create change and its all about finding ways to make those changes.,0,"['I have a drive to do better in a world that constantly belittles my community. Im not shy to say it how it is and it will drive me to success.', 'I want to create change and its all about finding ways to make those changes. Im in love with research and the beautiful ness of my Mexican Community, but weve been criminalized and dehumanized, and I want to change that']"
"im in love with research and the beautiful ness of my mexican community, but weve been criminalized and dehumanized, and i want to change that.",0,"['I have a drive to do better in a world that constantly belittles my community. Im not shy to say it how it is and it will drive me to success.', 'I want to create change and its all about finding ways to make those changes. Im in love with research and the beautiful ness of my Mexican Community, but weve been criminalized and dehumanized, and I want to change that']"
im here because i know that this is the start of everything i want to accomplish.,0,"['I have a drive to do better in a world that constantly belittles my community. Im not shy to say it how it is and it will drive me to success.', 'I want to create change and its all about finding ways to make those changes. Im in love with research and the beautiful ness of my Mexican Community, but weve been criminalized and dehumanized, and I want to change that']"
i know that i still have years until i finish my life academically but i know that i want to do everything to help my community.,0,"['I have a drive to do better in a world that constantly belittles my community. Im not shy to say it how it is and it will drive me to success.', 'I want to create change and its all about finding ways to make those changes. Im in love with research and the beautiful ness of my Mexican Community, but weve been criminalized and dehumanized, and I want to change that']"
it's funny because ive never been happier than i ever been because of everything ive been doing lately.,0,"['I have a drive to do better in a world that constantly belittles my community. Im not shy to say it how it is and it will drive me to success.', 'I want to create change and its all about finding ways to make those changes. Im in love with research and the beautiful ness of my Mexican Community, but weve been criminalized and dehumanized, and I want to change that']"
i just know this is what i want to do with my life.,0,"['I have a drive to do better in a world that constantly belittles my community. Im not shy to say it how it is and it will drive me to success.', 'I want to create change and its all about finding ways to make those changes. Im in love with research and the beautiful ness of my Mexican Community, but weve been criminalized and dehumanized, and I want to change that']"
why am i here?,0,"['At 28 years old, I have came across several roadblocks that has directed me to quick. But yet, I am still persevering to become the Mechanical Engineer I am setting out to be. Sometimes I feel that I am too old to be in school especially this semester. I see more 18 year olds and it just makes me feel that much older. Plus the fact that I am trying to graduate before the age of 30 while most of these kids will probably graduate at 2122 sometimes gets the best of me. But to be honest in the back of my mind I know what it has taken me to get to this point. At the end of the day I just know to keep my eyes ok the prize and the rest will come along.']"
sometimes i ask myself the same thing.,0,"['At 28 years old, I have came across several roadblocks that has directed me to quick. But yet, I am still persevering to become the Mechanical Engineer I am setting out to be. Sometimes I feel that I am too old to be in school especially this semester. I see more 18 year olds and it just makes me feel that much older. Plus the fact that I am trying to graduate before the age of 30 while most of these kids will probably graduate at 2122 sometimes gets the best of me. But to be honest in the back of my mind I know what it has taken me to get to this point. At the end of the day I just know to keep my eyes ok the prize and the rest will come along.']"
with school life it really hasn't been fare to me.,0,"['At 28 years old, I have came across several roadblocks that has directed me to quick. But yet, I am still persevering to become the Mechanical Engineer I am setting out to be. Sometimes I feel that I am too old to be in school especially this semester. I see more 18 year olds and it just makes me feel that much older. Plus the fact that I am trying to graduate before the age of 30 while most of these kids will probably graduate at 2122 sometimes gets the best of me. But to be honest in the back of my mind I know what it has taken me to get to this point. At the end of the day I just know to keep my eyes ok the prize and the rest will come along.']"
"at 28 years old, i have came across several roadblocks that has directed me to quick.",0,"['At 28 years old, I have came across several roadblocks that has directed me to quick. But yet, I am still persevering to become the Mechanical Engineer I am setting out to be. Sometimes I feel that I am too old to be in school especially this semester. I see more 18 year olds and it just makes me feel that much older. Plus the fact that I am trying to graduate before the age of 30 while most of these kids will probably graduate at 2122 sometimes gets the best of me. But to be honest in the back of my mind I know what it has taken me to get to this point. At the end of the day I just know to keep my eyes ok the prize and the rest will come along.']"
"but yet, i am still persevering to become the mechanical engineer i am setting out to be.",0,"['At 28 years old, I have came across several roadblocks that has directed me to quick. But yet, I am still persevering to become the Mechanical Engineer I am setting out to be. Sometimes I feel that I am too old to be in school especially this semester. I see more 18 year olds and it just makes me feel that much older. Plus the fact that I am trying to graduate before the age of 30 while most of these kids will probably graduate at 2122 sometimes gets the best of me. But to be honest in the back of my mind I know what it has taken me to get to this point. At the end of the day I just know to keep my eyes ok the prize and the rest will come along.']"
sometimes i feel that i am too old to be in school especially this semester.,0,"['At 28 years old, I have came across several roadblocks that has directed me to quick. But yet, I am still persevering to become the Mechanical Engineer I am setting out to be. Sometimes I feel that I am too old to be in school especially this semester. I see more 18 year olds and it just makes me feel that much older. Plus the fact that I am trying to graduate before the age of 30 while most of these kids will probably graduate at 2122 sometimes gets the best of me. But to be honest in the back of my mind I know what it has taken me to get to this point. At the end of the day I just know to keep my eyes ok the prize and the rest will come along.']"
i see more 18 year olds and it just makes me feel that much older.,0,"['At 28 years old, I have came across several roadblocks that has directed me to quick. But yet, I am still persevering to become the Mechanical Engineer I am setting out to be. Sometimes I feel that I am too old to be in school especially this semester. I see more 18 year olds and it just makes me feel that much older. Plus the fact that I am trying to graduate before the age of 30 while most of these kids will probably graduate at 2122 sometimes gets the best of me. But to be honest in the back of my mind I know what it has taken me to get to this point. At the end of the day I just know to keep my eyes ok the prize and the rest will come along.']"
plus the fact that i am trying to graduate before the age of 30 while most of these kids will probably graduate at 2122 sometimes gets the best of me.,0,"['At 28 years old, I have came across several roadblocks that has directed me to quick. But yet, I am still persevering to become the Mechanical Engineer I am setting out to be. Sometimes I feel that I am too old to be in school especially this semester. I see more 18 year olds and it just makes me feel that much older. Plus the fact that I am trying to graduate before the age of 30 while most of these kids will probably graduate at 2122 sometimes gets the best of me. But to be honest in the back of my mind I know what it has taken me to get to this point. At the end of the day I just know to keep my eyes ok the prize and the rest will come along.']"
but to be honest in the back of my mind i know what it has taken me to get to this point.,0,"['At 28 years old, I have came across several roadblocks that has directed me to quick. But yet, I am still persevering to become the Mechanical Engineer I am setting out to be. Sometimes I feel that I am too old to be in school especially this semester. I see more 18 year olds and it just makes me feel that much older. Plus the fact that I am trying to graduate before the age of 30 while most of these kids will probably graduate at 2122 sometimes gets the best of me. But to be honest in the back of my mind I know what it has taken me to get to this point. At the end of the day I just know to keep my eyes ok the prize and the rest will come along.']"
at the end of the day i just know to keep my eyes ok the prize and the rest will come along.,0,"['At 28 years old, I have came across several roadblocks that has directed me to quick. But yet, I am still persevering to become the Mechanical Engineer I am setting out to be. Sometimes I feel that I am too old to be in school especially this semester. I see more 18 year olds and it just makes me feel that much older. Plus the fact that I am trying to graduate before the age of 30 while most of these kids will probably graduate at 2122 sometimes gets the best of me. But to be honest in the back of my mind I know what it has taken me to get to this point. At the end of the day I just know to keep my eyes ok the prize and the rest will come along.']"
even with this kidney stone i still do my best to come to class through the pain.,0,"['At 28 years old, I have came across several roadblocks that has directed me to quick. But yet, I am still persevering to become the Mechanical Engineer I am setting out to be. Sometimes I feel that I am too old to be in school especially this semester. I see more 18 year olds and it just makes me feel that much older. Plus the fact that I am trying to graduate before the age of 30 while most of these kids will probably graduate at 2122 sometimes gets the best of me. But to be honest in the back of my mind I know what it has taken me to get to this point. At the end of the day I just know to keep my eyes ok the prize and the rest will come along.']"
so why am i here?,0,"['At 28 years old, I have came across several roadblocks that has directed me to quick. But yet, I am still persevering to become the Mechanical Engineer I am setting out to be. Sometimes I feel that I am too old to be in school especially this semester. I see more 18 year olds and it just makes me feel that much older. Plus the fact that I am trying to graduate before the age of 30 while most of these kids will probably graduate at 2122 sometimes gets the best of me. But to be honest in the back of my mind I know what it has taken me to get to this point. At the end of the day I just know to keep my eyes ok the prize and the rest will come along.']"
i feel like i am meant to be here.,0,"['At 28 years old, I have came across several roadblocks that has directed me to quick. But yet, I am still persevering to become the Mechanical Engineer I am setting out to be. Sometimes I feel that I am too old to be in school especially this semester. I see more 18 year olds and it just makes me feel that much older. Plus the fact that I am trying to graduate before the age of 30 while most of these kids will probably graduate at 2122 sometimes gets the best of me. But to be honest in the back of my mind I know what it has taken me to get to this point. At the end of the day I just know to keep my eyes ok the prize and the rest will come along.']"
i am here simply because it is part of the requirements of obtaining my degree.,0,"['I am a Disabled Veteran and am coming back to school to learn skills more properly suited for civilian interaction, basically here to learn something thats not related to killing and dealing with guns since all those skills do is help me stay in the cycle of protection lines of work (cop, security, etc...)']"
i transferred from sjsu this semester after i switched from being a premed student to a computer science major.,0,"['I am a Disabled Veteran and am coming back to school to learn skills more properly suited for civilian interaction, basically here to learn something thats not related to killing and dealing with guns since all those skills do is help me stay in the cycle of protection lines of work (cop, security, etc...)']"
so i guess im here for a grade is all.,0,"['I am a Disabled Veteran and am coming back to school to learn skills more properly suited for civilian interaction, basically here to learn something thats not related to killing and dealing with guns since all those skills do is help me stay in the cycle of protection lines of work (cop, security, etc...)']"
"since the journal requirement is minimum one hundred and fifty words i shall continue rambling on. i am a disabled veteran and am coming back to school to learn skills more properly suited for civilian interaction, basically here to learn something thats not related to killing and dealing with guns since all those skills do is help me stay in the cycle of protection lines of work (cop, security, etc...).",1,"['I am a Disabled Veteran and am coming back to school to learn skills more properly suited for civilian interaction, basically here to learn something thats not related to killing and dealing with guns since all those skills do is help me stay in the cycle of protection lines of work (cop, security, etc...)']"
"keeping an open mind i am looking forward to this transition and know it will be difficult but after the military nothing really can be that bad, or can it? expectations for this class are high i suppose in the fact that this course takes prerequisites to even get into.",0,"['I am a Disabled Veteran and am coming back to school to learn skills more properly suited for civilian interaction, basically here to learn something thats not related to killing and dealing with guns since all those skills do is help me stay in the cycle of protection lines of work (cop, security, etc...)']"
im here to learn and will try my utmost best to obtain a b grade ill take a c but want to aim for a b. the reason a is not mentioned is because i realize the challenge in front of me and with current course load i will be multifocusing so all my time and effort will not be in this class alone.,0,"['I am a Disabled Veteran and am coming back to school to learn skills more properly suited for civilian interaction, basically here to learn something thats not related to killing and dealing with guns since all those skills do is help me stay in the cycle of protection lines of work (cop, security, etc...)']"
this is no excuse just a realization and current confidence entering a course containing new subject matter.,0,"['I am a Disabled Veteran and am coming back to school to learn skills more properly suited for civilian interaction, basically here to learn something thats not related to killing and dealing with guns since all those skills do is help me stay in the cycle of protection lines of work (cop, security, etc...)']"
"as a first generation student, i feel like it is my duty to break the generation of poverty and low education and instead be the first to pioneer a hopeful path of higher education and not be constrained to work.",1,"['As a first generation student, I feel like it is my duty to break the generation of poverty and low education and instead be the first to pioneer a hopeful path of higher education and not be constrained to work.']"
"this is why i am motivated to keep going to school and work hard because im the only whom has this opportunity thread a path of a better education, thus is one of my goals to inspire future family generations and help them out and continue the cycle and break it.",0,"['As a first generation student, I feel like it is my duty to break the generation of poverty and low education and instead be the first to pioneer a hopeful path of higher education and not be constrained to work.']"
i feel like my purpose here is to break this cycle so my future generation family and legacy will live prosperously.,0,"['As a first generation student, I feel like it is my duty to break the generation of poverty and low education and instead be the first to pioneer a hopeful path of higher education and not be constrained to work.']"
i'm here in san francisco mostly because it's the furthest away from hole but more importantly there is a great ethnic studies program and an amazing moot team.,0,"['I really want to be an immigration lawyer, especially here in the bay since South East Asians here are getting targeted by ICE.']"
"i really want to be an immigration lawyer, especially here in the bay since south east asians here are getting targeted by ice. i'm here in this class because i truly hate science and at least this is kind of interesting.",1,"['I really want to be an immigration lawyer, especially here in the bay since South East Asians here are getting targeted by ICE.']"
i like feeling tiny in this huge world.,0,"['I really want to be an immigration lawyer, especially here in the bay since South East Asians here are getting targeted by ICE.']"
but the reason why i keep going is for my family.,0,"['I really want to be an immigration lawyer, especially here in the bay since South East Asians here are getting targeted by ICE.']"
they gave up everything for me to be here and im not going to mess that up.,0,"['I really want to be an immigration lawyer, especially here in the bay since South East Asians here are getting targeted by ICE.']"
thats why i'm here,0,"['I really want to be an immigration lawyer, especially here in the bay since South East Asians here are getting targeted by ICE.']"
being at san francisco state university is an opportunity to expand my learning and experience a new environment that would enable me to endure the challenges that come ahead as an adult.,0,"['Moving from Los Angeles to San Francisco, I came with the hope to learn how to become independent and vouch for my needs and wants in a society where minorities like myself are constantly under attack and come from communities lacking in resources.']"
"moving from los angeles to san francisco, i came with the hope to learn how to become independent and vouch for my needs and wants in a society where minorities like myself are constantly under attack and come from communities lacking in resources.",1,"['Moving from Los Angeles to San Francisco, I came with the hope to learn how to become independent and vouch for my needs and wants in a society where minorities like myself are constantly under attack and come from communities lacking in resources.']"
"after a year of attending sfsu, i remain here because of the need to provide my parents with the feeling of accomplishment of having me graduated from a 4 year university.",0,"['Moving from Los Angeles to San Francisco, I came with the hope to learn how to become independent and vouch for my needs and wants in a society where minorities like myself are constantly under attack and come from communities lacking in resources.']"
i continue to remain here because of my fight to improve the educational institution and create a safer and stronger support system for future generations to come.,0,"['Moving from Los Angeles to San Francisco, I came with the hope to learn how to become independent and vouch for my needs and wants in a society where minorities like myself are constantly under attack and come from communities lacking in resources.']"
taking this class in particular was meant to assist me in fulfilling my general education and pushing me towards receiving my credits toward my intended areas of study.,0,"['Moving from Los Angeles to San Francisco, I came with the hope to learn how to become independent and vouch for my needs and wants in a society where minorities like myself are constantly under attack and come from communities lacking in resources.']"
why am i here?the reason i am here is to prove myself and the people who have doubted my capabilities all from the start.,0,['The reason I am here is to prove myself and the people who have doubted my capabilities all from the start. I am here to prove that coming from an immigrant is not easy to succeed in this white america but nothing is impossible.']
"coming from an immigrant family, being apart from my parents for many years, without having the support and motivation to keep my dreams going was nothing short of easy.",0,['The reason I am here is to prove myself and the people who have doubted my capabilities all from the start. I am here to prove that coming from an immigrant is not easy to succeed in this white america but nothing is impossible.']
"in a household where sometimes i would not have the luxury of having to eat breakfast, lunch and dinner.",0,['The reason I am here is to prove myself and the people who have doubted my capabilities all from the start. I am here to prove that coming from an immigrant is not easy to succeed in this white america but nothing is impossible.']
sometimes it would just be one meal a day.,0,['The reason I am here is to prove myself and the people who have doubted my capabilities all from the start. I am here to prove that coming from an immigrant is not easy to succeed in this white america but nothing is impossible.']
i am here to prove that coming from an immigrant is not easy to succeed in this white america but nothing is impossible.,0,['The reason I am here is to prove myself and the people who have doubted my capabilities all from the start. I am here to prove that coming from an immigrant is not easy to succeed in this white america but nothing is impossible.']
i am here to be able to learn and capture as much knowledge as i can in my path to achieving one of the many goals i have set myself to accomplish.,0,['The reason I am here is to prove myself and the people who have doubted my capabilities all from the start. I am here to prove that coming from an immigrant is not easy to succeed in this white america but nothing is impossible.']
i want to continue to learn as much things so that i can provide myself the wealth the intelligence that i was not given at an earlier age.,0,['The reason I am here is to prove myself and the people who have doubted my capabilities all from the start. I am here to prove that coming from an immigrant is not easy to succeed in this white america but nothing is impossible.']
"i have fought and worked so hard for everything that i have obtained in life, and that is the reason why i am here, i am here to make myself proud my parents and show everyone that when you put your mind to something, anything is possible when the sky is your limit.",0,['The reason I am here is to prove myself and the people who have doubted my capabilities all from the start. I am here to prove that coming from an immigrant is not easy to succeed in this white america but nothing is impossible.']
i am here to provide myself with opportunities and accomplish to something besides stereotypes and provide my resources to other younger generations with them to help them also accomplish to these goals and achieve to more than they can imagine.,1,['I am here to provide myself with opportunities and accomplish to something besides stereotypes']
i am here because of my goal in trying to get a b.s. in biology concentrated physiology.,0,"[""My family has been the typical nail salon shiz, but I'm here to become a doctor.""]"
i am the first in my family to attempt to get into med school.,0,"[""My family has been the typical nail salon shiz, but I'm here to become a doctor.""]"
"my family has been the typical nail salon shiz, but im here to become a doctor.",1,"[""My family has been the typical nail salon shiz, but I'm here to become a doctor.""]"
i am here because this is the only path in life that i can see myself taking.,0,"['I am here to better be and provide resources to hospitals that need me, and to break the stigma of healthcare being a certain way.']"
it is and has been my greatest passion since i was little.,0,"['I am here to better be and provide resources to hospitals that need me, and to break the stigma of healthcare being a certain way.']"
"i am here to better be and provide resources to hospitals that need me, and to break the stigma of healthcare being a certain way.",1,"['I am here to better be and provide resources to hospitals that need me, and to break the stigma of healthcare being a certain way.']"
"science and medicine fascinate me, it opens my mind to reality that everything in is interconnected in different ways possible.",0,"['I am here to better be and provide resources to hospitals that need me, and to break the stigma of healthcare being a certain way.']"
i am here because of our different to struggle but i want to help build my character.,0,"['I am here to better be and provide resources to hospitals that need me, and to break the stigma of healthcare being a certain way.']"
"i want to learn not memorize, and understand and not _.",0,"['I am here to better be and provide resources to hospitals that need me, and to break the stigma of healthcare being a certain way.']"
i am here because i want to make a positive difference in this world.,0,"['I want to represent myself, my gender, my sexuality, and my Latina heritage and prove the world wrong that we do have the potential to flourish']"
"i want to represent myself, my gender, my sexuality, and my latina heritage and prove the world wrong that we do have the potential to flourish.",1,"['I want to represent myself, my gender, my sexuality, and my Latina heritage and prove the world wrong that we do have the potential to flourish']"
im currently lost as to how it is that i want to make my print in this world currently out of bio chemistry major not sure if i want to do research or medicine or neither ill just go with the flow.,0,"['I want to represent myself, my gender, my sexuality, and my Latina heritage and prove the world wrong that we do have the potential to flourish']"
i am here because of the way that i have grown up.,0,['I am here to disprove stereotypes.']
im here because of all the sacrifices that both my parents have made for me and my little sisters.,0,['I am here to disprove stereotypes.']
im here to disapprove stereotypes im here for a better future for myself im here for my family and everything they have given up for me to be here.,0,['I am here to disprove stereotypes.']
im here for the community i grew up in and the culture that cultirated the person i am.,0,['I am here to disprove stereotypes.']
